Nombre,Fecha,Ubicación_calle_1,Ubicación_calle_2,Colonia,Total_Peatonal,Total_Ciclista,Total_Transporte_Público,Total_Vehicular,Total_Transporte_Carga,Dirección_SEMOVI
1,2017-10-02,2 Sur,3 Oriente,Centro,670,0,0,735,0,Dirección de Planeación y Proyectos,,
2,2017-10-02,Calle 4 Oriente,Calle 12 Norte,Guadalupe Caleras,52,0,0,7,0,Dirección de Planeación y Proyectos,,
3,2017-10-03,Camino Real a San Jeronimo,Calle 6 sur,Guadalupe Caleras,85,15,0,163,0,Dirección de Planeación y Proyectos,,
4,2017-09-05,Calle 5 de Mayo,Emilio Carranza,Agricola Ignacio Zaragoza,80,0,0,0,0,Dirección de Planeación y Proyectos,,
5,2017-08-08,Lateral Av. 31 Poniente,Calle 35 Sur,Las Animas,283,3,0,687,0,Dirección de Planeación y Proyectos,,
6,2018-04-04,6 Sur,3 Oriente,Centro,833,0,0,0,0,Dirección de Planeación y Proyectos,,
7,2018-04-04,Calle 11 Sur,Calle Zapotecas,San Jose Mayorazgo,28,0,0,1552,0,Dirección de Planeación y Proyectos,,
8,2018-05-04,Calle Zapotecas,Calle 95 Pte,San Jose Mayorazgo,0,14,0,31,0,Dirección de Planeación y Proyectos,,
9,2017-12-01,Diag. Defensores de la Republica,Av. 36 Pte,Santa Maria,0,0,3,517,0,Dirección de Planeación y Proyectos,,
10,2018-04-05,Av. 42 Poniente,Av. Heroe de Nacozari,Santa Maria,0,0,0,97,0,Dirección de la Gestión de la Movilidad,,
11,2017-11-29,Diag. Defensores de la Republica,Av. Heroe de Nacozari,Santa Maria,0,0,4,687,0,Dirección de Planeación y Proyectos,,
12,2018-02-07,Calle 11 Norte,Blvd. 52 Poniente,Santa Maria,0,0,0,820,0,Dirección de la Gestión de la Movilidad,,
13,2018-02-07,Prol. de la 11 Sur,Av. Margaritas,San Ramon,0,174,0,0,0,Dirección de Planeación y Proyectos,,
14,2018-02-07,Prol. de la 11 Sur,Calle Rosales,Santa Catarina Caotepec,0,250,0,0,0,Dirección de Planeación y Proyectos,,
15,2018-02-07,Prol. de la 11 Sur,Calle Tabachines,Santa Catarina Caotepec,0,229,0,0,0,Dirección de Planeación y Proyectos,,
16,2018-02-07,Prol. de la 11 Sur,Calle 135 Pte,San Ramon,0,290,0,0,0,Dirección de Planeación y Proyectos,,
17,2018-02-07,Prol. de la 11 Sur,Municipio Libre,San Jose Los Pinos,0,145,0,0,0,Dirección de Planeación y Proyectos,,
18,2018-02-07,Prol. de la 11 Sur,Calle 31 Pte,Chulavista,0,167,0,0,0,Dirección de Planeación y Proyectos,,
19,2018-11-07,Calle 11 Sur,Calle 25 Pte,Insurgentes Centro,0,71,0,0,0,Dirección de Planeación y Proyectos,,
20,2018-01-09,Francisco Villa,Entre Blvd. Esteban de Antuñano,La Constancia,0,0,0,4423,0,Dirección de Planeación y Proyectos,,
21,2018-01-09,Prol. de la 14 Sur,San Miguel,San Francisco Totimehuacan,59,0,0,368,0,Dirección de Planeación y Proyectos,,
22,2018-01-09,Prol. de la 14 Sur,Calle 123 Ote,San Francisco Totimehuacan,184,0,0,1696,0,Dirección de Planeación y Proyectos,,
23,2018-01-09,Blvd. Vicente Guerrero,Entre Del Sol y Hnos. Flores Magon,Insurgentes Oriente Zaragoza,0,0,266,4643,98,Dirección de Planeación y Proyectos,,
24,2018-01-09,Blvd. Vicente Guerrero,Flores Magon,Insurgentes Oriente Zaragoza,0,0,0,3240,0,Dirección de Planeación y Proyectos,,
25,2018-01-09,Blvd. Vicente Guerrero,Ignacio Allende,Insurgentes Oriente Zaragoza,0,0,0,3663,0,Dirección de Planeación y Proyectos,,
26,2018-01-09,Blvd. Vicente Guerrero,Narciso Mendoza,Insurgentes Oriente Zaragoza,0,0,0,3200,0,Dirección de Planeación y Proyectos,,
27,2018-04-10,Blvd. Vicente Guerrero,Del Sol,Insurgentes Oriente Zaragoza,0,0,0,3576,0,Dirección de Planeación y Proyectos,,
28,2018-05-10,Av. Nacional,Libertad,Leobardo Coca Cabrera,75,0,0,0,0,Dirección de Planeación y Proyectos,,
29,2018-05-10,Av. 27 Pte,Blvd. Atlixco,Residencial Esmeralda,0,0,0,61,0,Dirección de Planeación y Proyectos,,
30,2018-05-10,Av. 27 Pte,Calle Diamante,Residencial Esmeralda,0,0,0,45,0,Dirección de Planeación y Proyectos,,
31,2018-05-10,Calle Diamante,Av. 31 Pte,Residencial Esmeralda,0,0,0,784,0,Dirección de Planeación y Proyectos,,
32,2018-05-10,Calle Esmeralda,Av. 29 Pte,Residencial Esmeralda,0,0,0,69,0,Dirección de Planeación y Proyectos,,
33,2017-09-13,Blvd. Atlixco,Av. 31 Pte,Residencial Esmeralda,0,0,0,1509,0,Dirección de Planeación y Proyectos,,
34,2017-09-13,Pino Suarez,Francisco Javier Mina,Guadalupe Hidalgo,78,0,0,0,0,Dirección de Planeación y Proyectos,,
35,2017-11-14,Calle 13 Poniente,Entre Calle 23 Sur y 21 Sur,Barrio de Santiago,696,14,0,0,0,Dirección de Planeación y Proyectos,,
36,2017-11-14,Blvd. Atempan,Calle Acapulco,Jardines de Amalucan,0,0,0,860,0,Dirección de Planeación y Proyectos,,
37,2017-08-15,Calle Dalias,Calle Acapulco,Jardines de Amalucan,0,0,0,137,0,Dirección de Planeación y Proyectos,,
38,2017-11-15,6 Sur,5 Oriente,Centro,495,0,0,0,0,Dirección de Planeación y Proyectos,,
39,2017-11-15,Calle 6,Lateral Blvd Atlixco,San Jose Vista Hermosa,0,0,0,939,0,Dirección de Planeación y Proyectos,,
40,2017-11-15,Calle 26,Paseo San Jose Vista Hermosa Norte,San Jose Vista Hermosa,0,0,0,241,0,Dirección de Planeación y Proyectos,,
41,2017-11-15,Calle 3 Sur,Av. 39 Poniente,Gabriel Pastor Secc. 1,115,0,0,640,0,Dirección de Planeación y Proyectos,,
42,2017-11-15,Av. 41 Poniente,Calle 3 Sur,Gabriel Pastor Secc. 1,0,0,0,221,0,Dirección de Planeación y Proyectos,,
43,2017-09-16,Av. 41 Poniente,Priv. A Pte de la 16 de Sept,Gabriel Pastor Secc. 1,199,0,0,0,0,Dirección de Planeación y Proyectos,,
44,2017-04-17,Carr. Fed. a Tehuacan,Av. Unidad Deportiva,Maravillas,190,0,86,0,0,Dirección de Planeación y Proyectos,,
45,2017-04-17,Calle Zapotecas,Av. Nacional,Popular Emilio Zapata,0,0,0,506,0,Dirección de Planeación y Proyectos,,
46,2017-04-17,Calle Jalisco,Av. Nacional,Popular Emilio Zapata,0,0,0,504,0,Dirección de Planeación y Proyectos,,
47,2017-04-17,Calle Yucatan,Av. Nacional,Popular Emilio Zapata,0,0,0,44,0,Dirección de Planeación y Proyectos,,
48,2017-04-17,Calle Zapotecas,Calle Yucatan,Popular Emilio Zapata,0,0,0,4,0,Dirección de Planeación y Proyectos,,
49,2017-04-17,Calle Jalisco,Calle Zapotecas,Popular Emilio Zapata,210,0,0,0,0,Dirección de Planeación y Proyectos,,
50,2017-04-17,Calle Jalisco,Calle Yucatan,Popular Emilio Zapata,91,0,0,0,0,Dirección de Planeación y Proyectos,,
51,2017-04-17,Rafael Cañedo Benitez,Calle 11 Sur,INFONAVIT San Bartolo,42,0,0,268,0,Dirección de Planeación y Proyectos,,
52,2017-04-17,Cto. San Bartolo Ote B,Calle 11 Sur,INFONAVIT San Bartolo,0,0,0,129,0,Dirección de Planeación y Proyectos,,
53,2017-04-17,Cto. San Bartolo Ote B,Rafael Cañedo Benitez,INFONAVIT San Bartolo,0,0,0,31,0,Dirección de Planeación y Proyectos,,
54,2017-04-17,Calle 11 Sur,San Bartolo Pte B,INFONAVIT San Bartolo,144,0,0,94,0,Dirección de Planeación y Proyectos,,
55,2017-04-17,Calle Zacatecas,Calle 11 Sur,INFONAVIT San Bartolo,0,0,0,18,0,Dirección de Planeación y Proyectos,,
56,2017-04-17,Calle 11 Sur,Anillo Periferico Ecologico,San Francisco Mayorazgo,0,0,0,178,0,Dirección de Planeación y Proyectos,,
57,2017-04-17,Av. Nacional,Av. 105 Pte,Popular Emilio Zapata,0,0,0,245,0,Dirección de Planeación y Proyectos,,
58,2017-10-17,Calle 11 Sur,Av. 105 Pte,Popular Emilio Zapata,0,0,0,48,0,Dirección de Planeación y Proyectos,,
59,2018-04-18,Blvd. Hnos. Serdan,Entre Francisco Villa y Autopista Mex-Pue,El Regio Sur,0,0,0,7678,0,Dirección de Planeación y Proyectos,,
60,2018-04-18,Av. 14 Ote,Calle Albert Einstein,Gregorio Ramos,80,0,230,2536,44,Dirección de Planeación y Proyectos,,
61,2018-04-18,Av. 14 Ote,Blvd. Vicente Suarez,Gregorio Ramos,271,0,0,0,0,Dirección de Planeación y Proyectos,,
62,2018-04-18,Av. 14 Ote,Calle 52 Nte,Gregorio Ramos,127,0,0,0,0,Dirección de Planeación y Proyectos,,
63,2018-04-18,Av. 14 Ote,Lateral Av. 14 Ote,Gregorio Ramos,12,0,0,0,0,Dirección de Planeación y Proyectos,,
64,2018-07-18,Av. 14 Ote,Praxedis Guerrero,Gregorio Ramos,1,0,0,0,0,Dirección de Planeación y Proyectos,,
65,2017-08-19,Zavaleta,Calle 53 Sur,Concepción la Cruz,86,0,0,3169,0,Dirección de Planeación y Proyectos,,
66,2017-08-19,Calle 5 de Mayo,6 Oriente,Centro,3957,0,0,196,0,Dirección de Planeación y Proyectos,,
67,2017-08-19,6 Sur,3 Oriente,Centro,0,0,0,3527,0,Dirección de Planeación y Proyectos,,
68,2018-01-21,6 Oriente,2 Norte,Centro,536,0,0,231,0,Dirección de Planeación y Proyectos,,
69,2018-05-21,Lateral Recta a Cholula,Rafael Avila Camacho,Santa Cruz Buenavista,0,0,0,755,0,Dirección de Planeación y Proyectos,,
70,2018-05-21,Av. Rosendo Marquez,Av. 31 Pte,Nueva Antequera,0,0,0,251,0,Dirección de Planeación y Proyectos,,
71,2018-05-21,Av. 31 Pte,Diagonal Benito Juarez,Nueva Antequera,0,0,0,146,0,Dirección de Planeación y Proyectos,,
72,2018-05-21,Diagonal Benito Juarez,Av. Rosendo Marquez,Nueva Antequera,0,0,0,68,0,Dirección de Planeación y Proyectos,,
73,2018-05-21,Av. 31 Pte,Diagonal Benito Juarez,Nueva Antequera,0,0,0,172,0,Dirección de Planeación y Proyectos,,
74,2018-05-21,Cto. Juan Pablo II,Blvd. Atlixco,Nueva Antequera,0,0,0,1006,0,Dirección de Planeación y Proyectos,,
75,2017-11-21,Diagonal Benito Juarez,Blvd. Atlixco,Nueva Antequera,0,0,0,239,0,Dirección de Planeación y Proyectos,,
76,2017-11-21,Benito Juarez,Zapotitlan,Sna Andres Azumiatla,17,0,0,0,0,Dirección de Planeación y Proyectos,,
77,2017-11-21,Benito Juarez,Calle Independencia,Sna Andres Azumiatla,32,0,0,0,0,Dirección de Planeación y Proyectos,,
78,2017-11-21,Prol. 6 Sur,Entre Anillo Periferico Ecologico y Av. 107 Ote,Arboledas de Loma Bella,0,0,0,230,0,Dirección de Planeación y Proyectos,,
79,2017-11-22,3 Pte,Entre Vicente Guerrero y 3 Sur,Sn. Francisco Totimehuacan,132,0,0,0,0,Dirección de Planeación y Proyectos,,
80,2017-11-22,Francisco I Madero,20 de Noviembre,San Baltazar Campeche,0,0,0,219,0,Dirección de Planeación y Proyectos,,
81,2017-11-22,Francisco I Madero,Plan de Guadalupe,San Baltazar Campeche,0,0,0,369,0,Dirección de Planeación y Proyectos,,
82,2017-11-22,Francisco I Madero,2a Priv. Plan de Guadalupe,San Baltazar Campeche,0,0,0,12,0,Dirección de Planeación y Proyectos,,
83,2017-11-23,Av. Eduardo Cue Morelo,Plan de Guadalupe,San Baltazar Campeche,0,0,0,234,0,Dirección de Planeación y Proyectos,,
84,2017-09-24,Heroes del 5 de Mayo,43 Oriente,San Baltazar Campeche,470,0,0,0,0,Dirección de Planeación y Proyectos,,
85,2017-12-01,Calle Jazmines,Calle Lirios,Jardines de Amalucan,80,0,0,0,0,Dirección de Planeación y Proyectos,,
86,2017-10-25,Av. 42 Poniente,Calle 7 Norte,Santa Maria,0,0,0,288,0,Dirección de la Gestión de la Movilidad,,
87,2018-04-05,Av. Heroe de Nacozari,Calle 9 Nte,Santa Maria,0,0,0,298,0,Dirección de Planeación y Proyectos,,
88,2017-10-25,Diag. Defensores de la Republica,Calle 9 Nte,Santa Maria,0,0,0,1,0,Dirección de Planeación y Proyectos,,
89,2018-01-27,Av. Heroe de Nacozari,Diag. Defensores de la Republica,Santa Maria,0,0,0,180,0,Dirección de Planeación y Proyectos,,
90,2018-01-27,Av. 4 Oriente,Calle 5 de Mayo,Centro,1363,0,0,0,0,Dirección de Planeación y Proyectos,,
91,2018-01-27,Av. 6 Oriente,Calle 5 de Mayo,Centro,3232,0,0,1470,0,Dirección de Planeación y Proyectos,,
92,2018-01-27,Av. Reforma,Calle 5 de Mayo,Centro,8755,0,0,2360,0,Dirección de Planeación y Proyectos,,
93,2018-01-27,Calle 16 de Septiembre,Calle 5 de Mayo,Centro,2168,0,0,951,0,Dirección de Planeación y Proyectos,,
94,2018-01-27,Av. 3 Oriente,Blvd. Heroes del 5 de Mayo,Centro,0,0,0,172,0,Dirección de Planeación y Proyectos,,
95,2018-01-27,Av. 12 Oriente,Calle 2 Norte,Centro,0,0,0,596,0,Dirección de Planeación y Proyectos,,
96,2018-01-27,Av. 9 Poniente,Calle 11 Sur,Centro,0,0,0,284,0,Dirección de Planeación y Proyectos,,
97,2018-01-27,Av. 9 Oriente,Blvd. Heroes del 5 de Mayo,Centro,0,0,0,1300,0,Dirección de Planeación y Proyectos,,
98,2017-09-27,Av. 3 Poniente,Calle 5 Sur,Centro,0,0,0,345,0,Dirección de Planeación y Proyectos,,
99,2017-11-27,Calle 10 Sur,Camino Real a Sn. Jeronimo,Guadalupe Caleras,170,0,0,0,0,Dirección de Planeación y Proyectos,,
100,2018-01-28,Av. 111 Ote,Prol. 2 Sur,Arboledas de Loma Bella,107,0,0,682,0,Dirección de Planeación y Proyectos,,
101,2018-01-28,Calle 16 de Septiembre,Juan de Palafox,Centro,1938,0,0,879,0,Dirección de Planeación y Proyectos,,
102,2018-01-28,Calle 5 de Mayo,Juan de Palafox,Centro,3880,0,0,1005,0,Dirección de Planeación y Proyectos,,
103,2018-01-28,Calle 6 Norte,Juan de Palafox,Centro,763,0,0,0,0,Dirección de Planeación y Proyectos,,
104,2018-01-28,Don Juan de Palafox,Calle 2 Norte,Centro,2256,0,0,1988,0,Dirección de Planeación y Proyectos,,
105,2018-01-28,Av. 12 Oriente,Calle 2 Norte,Centro,0,0,0,875,0,Dirección de Planeación y Proyectos,,
106,2018-01-28,Av. 9 Poniente,Calle 11 Sur,Centro,0,0,0,161,0,Dirección de Planeación y Proyectos,,
107,2017-11-28,Av. 3 Poniente,Calle 5 Sur,Centro,0,0,0,393,0,Dirección de Planeación y Proyectos,,
108,2017-11-28,Diagonal 5 B Sur,Calle 5 B Sur,Prados Agua Azul,0,0,0,1013,0,Dirección de Planeación y Proyectos,,
109,2017-11-28,Av. 55 Poniente,Calle 5 B Sur,Prados Agua Azul,0,0,0,393,0,Dirección de Planeación y Proyectos,,
110,2018-08-29,Calle 59 B Poniente,Calle 5 B Sur,El Cerrito,0,0,0,1079,0,Dirección de Planeación y Proyectos,,
111,2018-08-29,Calle 33 Norte,Av. 22B Poniente,Fraccionamiento Valle Dorada,0,0,0,0,16,Dirección de la Gestión de la Movilidad,,
112,2018-04-24,Calle 33 Norte,Av. 26A Poniente,Fraccionamiento Valle Dorada,0,0,0,0,10,Dirección de la Gestión de la Movilidad,,
113,2018-04-24,Av. 20 de Noviembre,Av. Del Sol,Valle del Sol,0,0,0,66,0,Dirección de la Gestión de la Movilidad,,
114,2018-04-24,Av. 20 de Noviembre,Hombres Ilustres,Valle del Sol,0,0,0,18,0,Dirección de la Gestión de la Movilidad,,
115,2017-12-21,Av. 20 de Noviembre,Entre Av. Del Sol y Hombres Ilustres,Valle del Sol,0,0,0,78,0,Dirección de la Gestión de la Movilidad,,
116,2017-12-18,Calle 3 Sur,Av. 29 Pte,Insurgentes Centro,0,0,0,1407,0,Dirección de la Gestión de la Movilidad,,
117,2017-12-18,Blvd. 5 de Mayo,Francisco I. Madero,San Baltazar Campeche,0,0,0,248,0,Dirección de la Gestión de la Movilidad,,
118,2018-03-14,Calle 59 Sur,Av 7 Poniente,Reforma Sur,0,0,0,1526,0,Dirección de la Gestión de la Movilidad,,
119,2018-03-01,Blvd. Del Sol,Av. 20 de Noviembre,Valle del Sol,0,0,0,518,0,Dirección de la Gestión de la Movilidad,,
120,2018-03-10,Av. Fidel Velazquez,Blvd. Municipio Libre,Santa Maria Calera,0,0,0,9716,0,Dirección de la Gestión de la Movilidad,,
121,2018-01-12,Calle Diamante,Av. 29 Pte,Residencial Esmeralda,0,0,0,104,0,Dirección de la Gestión de la Movilidad,,
122,2018-01-12,Calle 3 Sur A,Calle 57 Poniente,El Cerrito,0,0,0,876,0,Dirección de la Gestión de la Movilidad,,
123,2018-01-12,Calle 57 Poniente,Calle Puebla,El Cerrito,0,0,0,307,0,Dirección de la Gestión de la Movilidad,,
124,2018-01-12,Calle Roble,Calle Puebla,El Cerrito,0,0,0,146,0,Dirección de la Gestión de la Movilidad,,
125,2018-01-18,Calle Tamaulipas,Calle Puebla,El Cerrito,0,0,0,179,0,Dirección de la Gestión de la Movilidad,,
126,2018-01-18,Calle Puebla,Calle Fresnos,El Cerrito,0,0,0,26,0,Dirección de la Gestión de la Movilidad,,
127,2018-01-18,Av. Oaxaca,Calle Puebla,El Cerrito,0,0,0,72,0,Dirección de la Gestión de la Movilidad,,
128,2018-01-12,Calle 5 B Sur,Calle Robles,Villa Encantada,0,0,0,183,0,Dirección de la Gestión de la Movilidad,,
129,2018-01-19,Calle 5 B Sur,Calle 57 Poniente,Villa Encantada,0,0,0,1178,0,Dirección de la Gestión de la Movilidad,,
130,2018-01-09,Calle 5 B Sur,Calle 59 Poniente,Villa Encantada,0,0,0,318,0,Dirección de la Gestión de la Movilidad,,
131,2018-01-09,Calle 11 Norte,Av. 16 Poniente,San Pablo Los Frailes,0,0,0,2109,0,Dirección de la Gestión de la Movilidad,,
132,2018-01-09,Calle 9 Norte,Av. 16 Poniente,San Pablo Los Frailes,0,0,0,2328,0,Dirección de la Gestión de la Movilidad,,
133,2018-03-02,Av. 18 Poniente,Calle 9 Norte,San Pablo Los Frailes,0,0,0,2652,0,Dirección de la Gestión de la Movilidad,,
134,2018-03-14,Av. Fidel Vazquez,Blvd. Municipio Libre,Santa Maria Calera,965,0,0,0,0,Dirección de la Gestión de la Movilidad,,
135,2018-03-14,Calle 11 Sur,Av. 105 Poniente,San Jose Los Pinos,2954,0,0,0,0,Dirección de la Gestión de la Movilidad,,
136,2018-05-02,Av. Nacional,Av. 105 Poniente,Popular Castillotla,1785,0,13,0,0,Dirección de la Gestión de la Movilidad,,
137,2018-03-14,Calle 11 Sur,Av. 135 Poniente,Guadalupe Hidalgo,0,0,0,5738,0,Dirección de la Gestión de la Movilidad,,
138,2018-03-14,Av. Nacional,yucatan,San Jose Los Pinos,0,0,0,6142,0,Dirección de la Gestión de la Movilidad,,
139,2018-03-14,Av. Nacional,Av. 105 Poniente,Popular Castillotla,0,0,0,3508,0,Dirección de la Gestión de la Movilidad,,
140,2018-06-11,Av. Nacional/Av. 11 Sur,Av. 105 Poniente,Popular Castillotla,0,0,0,4750,61,Dirección de la Gestión de la Movilidad,,
141,2017-11-21,Calle 28 Oriente,Calle 2 Norte,Barrio de Xanenetla,0,0,0,0,57,Dirección de la Gestión de la Movilidad,,
142,2017-11-21,Av. Ferrocarril,Calle 13 de Marzo,La Candelaria,0,0,0,93,0,Dirección de la Gestión de la Movilidad,,
143,2017-11-30,Av. Ferrocarril,Calle de las Huertas,La Candelaria,0,0,0,126,0,Dirección de la Gestión de la Movilidad,,
144,2017-11-30,Prol. 14 Sur,Calle 71 Oriente,Loma Linda,0,0,0,4286,0,Dirección de la Gestión de la Movilidad,,
145,2017-11-29,Calle 63 A Ote,Prol. 14 Sur,Loma Linda,0,0,0,5743,0,Dirección de la Gestión de la Movilidad,,
146,2017-11-30,Calle Heroe de Nacozari,Calle 74 Poniente,La Loma,0,0,0,2241,0,Dirección de la Gestión de la Movilidad,,
147,2017-11-30,Emiliano Zapata,Miguel Hidalgo,Guadalupe Hidalgo,0,0,0,758,0,Dirección de la Gestión de la Movilidad,,
148,2017-09-02,Emiliano Zapata,Calle Cuauhtemoc,Guadalupe Hidalgo,0,0,0,1647,0,Dirección de la Gestión de la Movilidad,,
149,2017-09-02,Calle 11 Sur,Av. 25 Poniente,Insurgentes Centro,0,0,0,3790,0,Dirección de la Gestión de la Movilidad,,
150,2019-03-20,Blvd. Heroes del 5 de Mayo,Av. 14 Oriente,Barrio San Francisco,0,0,0,7085,0,Dirección de la Gestión de la Movilidad,,
151,2017-11-29,Avenida Xonacatepec,Avenida Encino,Fraccionamiento Amalucan,0,0,0,4217,0,Dirección de la Gestión de la Movilidad,,
152,2019-03-20,Heroe de Nacozari,Blvd. Norte,Cleotilde Torres,0,0,0,7922,0,Dirección de la Gestión de la Movilidad,,
153,2017-12-04,Avenida Encino,1ra Privada Abedul,Fraccionamiento Amalucan,0,0,0,356,0,Dirección de la Gestión de la Movilidad,,
154,2017-12-04,Av. 119 Poniente,Calle 9 Sur F,INFONAVIT Agua Santa,0,0,0,237,0,Dirección de la Gestión de la Movilidad,,
155,2018-05-04,Av. 119 Poniente,Calle 11 Sur,INFONAVIT Agua Santa,0,0,0,815,0,Dirección de la Gestión de la Movilidad,,
156,2018-05-04,Calle 13 Nte,Diag. Defensores de la Republica,Santa Maria,0,0,0,12,0,Dirección de Planeación y Proyectos,,
157,2018-01-30,Calle 9 Nte,Diag. Defensores de la Republica,Santa Maria,0,0,0,522,0,Dirección de Planeación y Proyectos,,
158,2019-03-26,Calle 11 Norte,Av. 68 Poniente,Guadalupe Victoria,0,38,0,4266,0,Dirección de la Gestión de la Movilidad,,
159,2019-03-26,Calle 2 Sur,Avenida 29 Oriente,El Carmen,0,0,127,0,0,Dirección de la Gestión de la Movilidad,,
160,2019-03-08,Calle 4 Sur,Avenida 27 Oriente,El Carmen,0,0,74,0,0,Dirección de la Gestión de la Movilidad,,
161,2019-03-08,Avenida Reforma Sur,Calle Tetela,La Paz,0,0,0,0,10,Dirección de la Gestión de la Movilidad,,
162,2019-02-20,Avenida Reforma,Calle 37 Norte,La Paz,0,0,0,0,25,Dirección de la Gestión de la Movilidad,,
163,2019-02-20,143 B Poniente,19 Sur,Castillotla,72,0,0,578,0,Dirección de la Gestión de la Movilidad,,
164,2019-02-20,Calle 17 Sur,143 D Poniente,Castillotla,20,0,0,146,0,Dirección de la Gestión de la Movilidad,,
165,2019-02-20,145 Poniente,Calle 13 Sur,Castillotla,20,0,0,678,0,Dirección de la Gestión de la Movilidad,,
166,2019-02-20,Calle 17 Sur,Avenida 145 Poniente,Castillotla,177,42,0,262,0,Dirección de la Gestión de la Movilidad,,
167,2019-01-10,Calle Geranios,Calle 23 Sur,Castillotla,52,13,0,279,0,Dirección de la Gestión de la Movilidad,,
168,2018-08-27,94 Poniente,Calle 5 Sur,Revolución Mexicana,109,0,0,249,0,Dirección de la Gestión de la Movilidad,,
169,2019-04-30,Emiliano Zapata,Hidalgo,San Francisco Totimehuacan,0,0,0,135,0,Dirección de Planeación y Proyectos,,
170,2019-04-30,Avenida Independencia,Avenida Pintores,Fraccionamiento Ciudad Satélite,0,0,0,2555,0,Dirección de la Gestión de la Movilidad,,
171,2019-04-04,Calle 17 Sur,Avenida 25 Poniente,Los Volcanes,465,0,0,3200,0,,,
172,2019-04-11,Calle 27 Norte A,Av. 2 Poniente,Tierra y Libertad,0,0,0,1110,0,Dirección de la Gestión de la Movilidad,,
173,2019-04-11,Blvd. Xonacatepec,Calle de las Rosas,Bosques de San Sebastian,0,0,142,0,0,Dirección de la Gestión de la Movilidad,,
174,2019-04-11,Blvd. Xonacatepec,Blvd. del Gasoducto,Bosques de San Sebastian,2009,0,0,0,0,Dirección de la Gestión de la Movilidad,,
175,2019-04-11,Blvd. Xonacatepec,Blvd. Puebla,Bosques de San Sebastian,821,0,0,736,0,Dirección de la Gestión de la Movilidad,,
176,2019-04-11,Blvd. Xonacatepec,Blvd. Puebla,Bosques de San Sebastian,0,0,0,1075,0,Dirección de la Gestión de la Movilidad,,
177,2019-04-11,Blvd. Xonacatepec,Blvd. Puebla,Bosques de San Sebastian,0,0,0,313,0,Dirección de la Gestión de la Movilidad,,
178,2019-04-11,Blvd. Xonacatepec,Blvd. del Gasoducto,Bosques de San Sebastian,0,0,0,1382,0,Dirección de la Gestión de la Movilidad,,
179,2019-04-30,Blvd. Xonacatepec,Blvd. del Gasoducto,Bosques de San Sebastian,0,0,0,1050,0,Dirección de la Gestión de la Movilidad,,
180,2019-04-30,Calle 27 Norte A,Av. 2 Poniente,Tierra y Libertad,0,0,102,0,0,Dirección de la Gestión de la Movilidad,,
181,2019-03-12,Diagonal Defensores de la Republica,Av. 2 Poniente,Tierra y Libertad,0,0,142,0,0,Dirección de la Gestión de la Movilidad,,
182,2019-03-12,Carmen Serdán,5 de Febrero,San Felipe Hueyotlipan,7712,0,0,0,0,Dirección de Planeación y Proyectos,,
183,2019-01-23,Carmen Serdán,5 de Febrero,San Felipe Hueyotlipan,1325,0,0,4863,0,Dirección de Planeación y Proyectos,,
184,2017-10-17,Carmen Serdán,Carmen Serdán,San Felipe Hueyotlipan,0,0,0,89,0,Dirección de Planeación y Proyectos,,
185,2017-10-17,Hermanos Serdan,Calle Sinaloa,San Rafael Oriente,0,0,0,5322,0,GESTION URBANA,,
186,2019-04-01,28 Norte,14 Oriente,Humboldt,0,0,0,115,0,Auto Traffic,,
187,2019-02-03,Av Reforma ,17 Norte,Barrio San Sebastian,0,0,81,0,0,Dirección de la Gestión de la Movilidad,,
188,2019-05-03,21 Norte ,52 Poniente,Cleotilde Torres,0,0,0,245,0,Dirección de la Gestión de la Movilidad,,
189,2019-05-07,Diagonal Defensores de la Republica,4 Poniente ,Tierra y Libertad,0,0,0,4290,0,Dirección de la Gestión de la Movilidad,,
190,2019-05-07,Boulevard Carmelitas,U.H. San Miguel Mayorazgo ,San Miguel Mayorazgo,90,0,0,1803,0,Dirección de la Gestión de la Movilidad,,
191,2019-05-21,Privada Popocatepec,Av. 27 Poniente,Chulavista,0,0,0,566,0,Dirección de la Gestión de la Movilidad,,
192,2019-05-27,Pino Suarez,40 y 42 Norte,Lomas 5 de Mayo,236,0,28,356,0,Dirección de la Gestión de la Movilidad,,
193,2019-05-28,74 Poniente,19 Norte,La Loma,140,0,32,131,0,Dirección de la Gestión de la Movilidad,,
194,2019-05-28,21 Norte,Av.Nacozari,Heroé de Nacozari,0,0,347,347,0,Dirección de la Gestión de la Movilidad,,
195,2019-02-26,Reforma Sur,Chapulco ,La Paz,146,0,0,1854,0,Dirección de Planeación y Proyectos,,
196,2019-02-27,Reforma Sur,Guadalupe,La Paz,92,0,0,1704,0,Dirección de Planeación y Proyectos,,
197,2019-02-28,Reforma Sur,Acatlan,La Paz,536,0,0,1990,0,Dirección de Planeación y Proyectos,,
198,2019-02-26,Teziutlan Norte,San Martín Texmelucan ,La Paz,66,0,0,1434,0,Dirección de Planeación y Proyectos,,
199,2019-02-26,Teziutlan Norte,Teziutlan Sur,La Paz,336,0,0,2428,0,Dirección de Planeación y Proyectos